insert into categoria(codigo,nome) values(1,"Casa");
insert into categoria(codigo,nome) values(2,"Apartamento");
insert into categoria(codigo,nome) values(3,"Chácara");
insert into categoria(codigo,nome) values(4,"Hotel");
insert into negocio(codigo,nome) values(1,"Leilão");
insert into negocio(codigo,nome) values(2,"Aluguel");
insert into negocio(codigo,nome) values(3,"Compra");
insert into estado(codigo,sigla, nome) values(1,"SP","São Paulo");
insert into estado(codigo,sigla,nome) values(2,"RJ","Rio de Janeiro");
insert into estado(codigo,sigla,nome) values(3,"PE","Pernambuco");
insert into estado(codigo,sigla,nome) values(4,"SC","Santa Catarina");
insert into estado(codigo,sigla,nome) values(5,"PR","Paraná");
insert into estado(codigo,sigla,nome) values(6,"AM","Amazonas");
insert into estado(codigo,sigla,nome) values(7,"AC","Acre");
insert into municipio(codigo,nome,estado_codigo) values(1,"Mairinque",1);
insert into municipio(codigo,nome,estado_codigo) values(2,"Sorocaba",1);
insert into municipio(codigo,nome,estado_codigo) values(3,"Paraty",2);
insert into municipio(codigo,nome,estado_codigo) values(4,"São Roque",1);
insert into municipio(codigo,nome,estado_codigo) values(5,"Bombinhas",4);
insert into municipio(codigo,nome,estado_codigo) values(6,"Blumenau",4);
insert into municipio(codigo,nome,estado_codigo) values(7,"Rio de Janeiro",2);
insert into municipio(codigo,nome,estado_codigo) values(8,"Niterói",2);
insert into municipio(codigo,nome,estado_codigo) values(9,"Manaus",6);
insert into municipio(codigo,nome,estado_codigo) values(10,"Curitiba",5);
insert into municipio(codigo,nome,estado_codigo) values(11,"Londrina",5);
insert into bairro(codigo,nome,estado_codigo,municipio_codigo) values(1,"Nova Mairinque",1,1);
insert into bairro(codigo,nome,estado_codigo,municipio_codigo) values(2,"Jardim Francine",1,2);
insert into bairro(codigo,nome,estado_codigo,municipio_codigo) values(3,"Boa Vista",2,3);
insert into bairro(codigo,nome,estado_codigo,municipio_codigo) values(4,"Cabral",2,3);
insert into bairro(codigo,nome,estado_codigo,municipio_codigo) values(5,"Bombas",4,5);
insert into bairro(codigo,nome,estado_codigo,municipio_codigo) values(6,"Mariscal",4,5);
insert into bairro(codigo,nome,estado_codigo,municipio_codigo) values(7,"Garcia",4,6);
insert into bairro(codigo,nome,estado_codigo,municipio_codigo) values(8,"Vila Nova",4,6);
insert into bairro(codigo,nome,estado_codigo,municipio_codigo) values(9,"Adrianópolis",6,9);
insert into bairro(codigo,nome,estado_codigo,municipio_codigo) values(10,"Aleixo",6,9);
insert into bairro(codigo,nome,estado_codigo,municipio_codigo) values(11,"Heimtal",5,11);
insert into bairro(codigo,nome,estado_codigo,municipio_codigo) values(12,"Perobinha",5,11);
insert into bairro(codigo,nome,estado_codigo,municipio_codigo) values(13,"Cajuru",5,10);
insert into imovel(codigo,categoria_codigo,negocio_codigo,descricao,qtd_quartos,bairro_codigo,estado_codigo,municipio_codigo,imagem,valor) values(1,1,1,"Casa próxima a praia grande",1,1,1,1,"imovel1.jpg",85000.00);
insert into imovel(codigo,categoria_codigo,negocio_codigo,descricao,qtd_quartos,bairro_codigo,estado_codigo,municipio_codigo,imagem,valor) values(2,3,2,"Chácara do Xandão PROMOÇÃO DIARIA",6,2,1,2,"imovel2.jpg",4000.00);
insert into imovel(codigo,categoria_codigo,negocio_codigo,descricao,qtd_quartos,bairro_codigo,estado_codigo,municipio_codigo,imagem,valor) values(3,1,3,"Casa conservada PROMOÇÃO",2,8,4,6,"imovel3.jpg",95000.00);
insert into imovel(codigo,categoria_codigo,negocio_codigo,descricao,qtd_quartos,bairro_codigo,estado_codigo,municipio_codigo,imagem,valor) values(4,1,3,"Casa Tradicional Brasileira",3,3,2,3,"imovel4.jpg",150000.00);
insert into imovel(codigo,categoria_codigo,negocio_codigo,descricao,qtd_quartos,bairro_codigo,estado_codigo,municipio_codigo,imagem,valor) values(5,1,3,"Linda casa no precinho",4,9,6,9,"imovel5.jpg",190000.00);
insert into imovel(codigo,categoria_codigo,negocio_codigo,descricao,qtd_quartos,bairro_codigo,estado_codigo,municipio_codigo,imagem,valor) values(6,1,3,"Casa de Luxo DISPONIVEL",6,9,6,9,"imovel6.jpg",290000.00);
insert into usuarios(id,email,first_name,last_name,password) values(1,"adm@adm.com","ADMIN","GFT", "$2a$10$7enUo8r0UoEPB5JtOzDSP.ZbaTiI3RPa4geiPnFDs5vFl3sdR2LVa");
insert into usuarios(id,email,first_name,last_name,password) values(2,"user@user.com","USER","GFT", "$2a$10$KrS0r7veksdKPzOVJCcCGuMIDCP373d67dHi4OXyeADSqHgdIDwgS");
insert into usuarios(id,email,first_name,last_name,password) values(3,"testecarlosgft@gmail.com","CARLOS","MARANGONI", "$2a$10$KrS0r7veksdKPzOVJCcCGuMIDCP373d67dHi4OXyeADSqHgdIDwgS");
insert into roles(id,nome) values (1,"ADMIN");
insert into roles(id,nome) values (2,"USER");
insert into usuarios_roles(usuarios_id,role_id) values (1,1);
insert into usuarios_roles(usuarios_id,role_id) values (2,2);
insert into usuarios_roles(usuarios_id,role_id) values (3,2);

